T2M,RH2M,PRECTOTCORR,Day,date,Source
26.04,69.0,0.0,Tuesday,2025-12-02,Real Weather
20.907731680870057,77.49729121446609,0.0,Wednesday,2025-12-03,LSTM Forecast
21.15736002445221,78.3846560806036,0.0,Thursday,2025-12-04,LSTM Forecast
21.310130894184113,78.4184738779068,0.0,Friday,2025-12-05,LSTM Forecast
21.279051010608676,77.94366655409335,0.0,Saturday,2025-12-06,LSTM Forecast
21.215622222423555,77.31977651715279,0.0,Sunday,2025-12-07,LSTM Forecast
21.122166228294375,76.562450299263,0.0,Monday,2025-12-08,LSTM Forecast
