T2M,PRECTOTCORR,RH2M,Day,date,Source
18.24,0.0,87.0,Thursday,2025-11-27,OpenWeather (Real)
20.69074058532715,0.0,80.7242202758789,Friday,2025-11-28,LSTM Forecast
20.65800666809082,0.46912863850593567,82.4817886352539,Saturday,2025-11-29,LSTM Forecast
20.401044845581055,0.0,83.091064453125,Sunday,2025-11-30,LSTM Forecast
20.124393463134766,0.0,82.51016235351562,Monday,2025-12-01,LSTM Forecast
19.785669326782227,0.0,81.66172790527344,Tuesday,2025-12-02,LSTM Forecast
19.33509063720703,0.0,80.5635757446289,Wednesday,2025-12-03,LSTM Forecast
