T2M,PRECTOTCORR,RH2M,Day,date,Source
25.84,0.0,65.0,Sunday,2025-11-16,OpenWeather (Real)
21.1200008392334,0.0,74.75,Monday,2025-11-17,LSTM Forecast
21.1299991607666,0.0,73.66000366210938,Tuesday,2025-11-18,LSTM Forecast
21.040000915527344,0.0,71.54000091552734,Wednesday,2025-11-19,LSTM Forecast
20.75,0.0,67.36000061035156,Thursday,2025-11-20,LSTM Forecast
20.43000030517578,0.0,63.689998626708984,Friday,2025-11-21,LSTM Forecast
20.25,0.0,61.290000915527344,Saturday,2025-11-22,LSTM Forecast
